alzhaytesting2aa,78b0d769-bfb4-3bbf-98f9-2c8d72d840a8
jeanrandom1891,2b948cae-65fa-3105-8c0f-203dae5e9b55
aaaaaaa,e0069b8a-2d35-31b8-b74a-f7f015542cab
thediramsh,e07e8847-c99c-3b67-8a9f-1cf182ba1416
games_ayuko,42798921-8423-3e36-86ea-f296b57e5c10
alzhaytesting1,501e6b4d-c1e3-3c74-9a92-37ed6e8ab81e
alzhaytesting2,6ea12f6d-e486-3fff-aaf3-c9559a01131b
wonderpearl,1262e29a-12e1-3a8e-a1e4-22071b38a1f6
bn_,89ffe869-7c2c-3aac-bd7f-dafb432771bb
tomashb,11a86b6e-88ad-3162-8613-c9e4bdfb5f4b
vriototryhard,a9e69d9a-5fe3-39a4-8bcc-7e3df2249a98
letitanfou,80b411bf-3d78-3789-a2a6-91d66fb13a41
vrioto715,c169c81f-876f-3262-a09a-052c0fcd9b0b
kikoikoilopoponi,42bcb812-3110-3fcf-8221-f549592bf37b
alzhe,afee9fc9-641d-309b-9fad-11e2d9a1e5ef
missyandere,26155427-2c3e-371a-ae37-6c2f51b09b1d
jade715,2c63c468-b525-3982-8f3f-7ca84edb6ec6
aaaa,ffa97388-8b7d-37bf-a39f-196c6cd9014d
prince_du_fumeh,76b60c90-0618-3f7d-a227-3234d612677f
jade716,a6732abd-b93b-3fe2-aa0a-3c76542004a0
jacquiela4l,de99fb43-b2eb-3031-b98b-4ad2eed3e5d8
jeanclaude,c2318a3f-093d-3d8b-a9be-9cf06bbe404c
alzhette,8afe7e13-5f68-30ea-b8e1-4863d0d3e757
weathox_,68408744-13c2-3835-b93a-9a1cf4e59439
anaisb2,00c7af8c-cd26-3035-8ba1-26212dc121b1
guijuix,3ccd017b-e502-33c5-af9e-eb929e4dc4c4
lefty_d,65577853-a7ad-3497-8caa-51a6b078cd60
azk_titouhb,ca244d99-a63e-370e-a7ae-ef05b592aefe
kyn5600,7fa641e6-4f95-3733-acc4-b2b1c79b313c
prince_du_chill,0c7d3fd4-207a-3779-be89-0652fe7b420a
